{"上证": [-0.34426229508196715, 0.20486752926678992, -0.06705762366139734, -0.15770804911323325, -0.13667205169628432, -0.16426403641881648, -0.22560145256468447, -0.06858147713950762, 1.360428481411468, 1.6347573839662448, -0.6794099939795304, 1.5464108910891088, -0.3560386473429951, -0.0144140771246724, 0.03532763532763532, 0.211597334773996, 0.590506234039357, -0.09253368263473061, -0.07623364582260227, 0.48156399688091794, -0.032209737827715336], "深成指": [-0.2976990172663001, 0.14408672977414416, 0.4085936735909617, -0.3007707866396983, -0.16868772991163555, 0.26851389430630546, -0.11682669468956476, -0.0614930323409498, 1.3132314609556885, 1.6300571163664244, -0.6342441263718291, 1.0892317405320995, -0.09498306564184938, -0.29094443274012305, 0.015112306753548624, -0.11759094578400307, 0.3625597957388694, 0.13576474892789692, -0.19552879203713308, 0.08185189032193595, -0.06381525031499212], "创业板": [0.0, 0.0, 0.0, 0.0, 0.0, 0.0, 0.0, 0.0, 0.0, 0.0, 0.0, 0.0, 0.0, -0.08301886792452837, -0.029931972789115673, 0.7694444444444445, 0.12333071484681857, 0.7830056179775283, -0.25681548794942716, -0.12646121147715197, -0.061818181818181744], "沪深300": [0.0, 0.0, 0.0, 0.0, 0.0, 0.0, 0.0, -0.06216358946235241, 1.2028255050941117, 1.5748317858434826, -0.6602240100490488, 0.9343921269470279, -0.1292170173819223, -0.25663273713699003, 0.06836756298962517, -0.08691085935081364, 0.5209022867054314, 0.04624392541971735, -0.11159302818678109, 0.21632794701187408, -0.008197349457753703], "中证500": [0.0, 0.5746533376330216, 0.1705930138099106, -0.313052522100884, -0.09597366421878957, 0.02806122448979585, -0.1315130260521042, 0.0498251748251749, 0.9284922394678492, 0.28043912175648694, -0.37727071333628714, 0.41082690960056073, -0.14667487684729053, -0.2697614256970393, 0.13690826949518758, 0.2763358778625955, 1.0471057884231538, -0.14659414659414666, -0.228264974695974, 0.02559112581492653, -0.1079545454545455], "上证50": [-0.33221389821751485, 0.30290135396518375, 0.06294536817102143, -0.4540645879732739, -0.1569529652351738, -0.007343941248469883, -0.18210262828535678, -0.34208494208494206, 0.1819248826291079, 1.1482213438735176, -0.2924701561065198, 1.4037974683544303, -0.3804890875624507, -0.3358746293943245, -0.0006357279084551112, 0.2251908396946564, 0.5560747663551402, 1.3056389723056392, -0.3473227206946455, 0.34070796460176994, -0.04455445544554449], "上证中小": [0.41652892561983473, -0.15151515151515152, 0.24637681159420288, -0.2676600441501104, -0.26051051051051055, -0.19795918367346935, -0.05761843790012809, -0.10178817056396143, 5.25648854961832, 1.3808500477554921, -0.7601531136215105, 1.422811059907834, -0.3664606118243779, -0.04211047807778051, 0.26764934057408846, -0.1363070539419087, 1.298594280174503, 0.22236775818639787, -0.2479393339927464, -0.1832712940661266, 0.061662198391420904], "上证央企": [-0.4752240379546653, -0.029259321183748507, 0.20144379511859759, -0.21074380165289258, -0.26295759333091695, -0.1998523258675855, -0.3104404065291038, 0.4090106007067139, 1.1815047021943572, 0.42605733749645186, -0.7406371716768202, 2.725637181409295, -0.2233608596159586, -0.19354838709677422, 0.48160847880299246, 0.18008798775822504, 0.22315737865664323, 0.357015516672169, -0.019803425457376414, -0.11855754086786509, -0.06790123456790122], "国企": [0.0859744990892531, 0.03622945320362298, 0.7138294474608752, -0.2912784196794633, -0.025243229029713408, -0.39473684210526316, -0.046094750320102476, -0.26807364167040865, 0.13328369322412514, 2.7504835589941976, -0.5772859838737348, 0.6787709497206704, 0.15318539727988556, 0.1898346601347213, 0.01495616297060336, 0.381274294405949, -0.14507198228128462, 1.440790422616472, -0.20999284521822076, 0.002265861027190284, 0.0], "TMT50": [0.0, 0.0, 0.0, 0.0, 0.0, 0.0, 0.0, 0.0, 0.0, 0.0, 0.0, 0.0, -0.05169352911000749, -0.34198393876264593, 0.012367506219965126, 0.497575980474105, 0.11195179615893139, 0.5835348720521827, -0.2516978224753014, 0.20943846972024788, -0.10148854968462334], "白酒": [0.0, 0.0, 0.0, 0.0, 0.0, 0.0, 0.0, 0.0, 0.0, 0.0, 0.0, 0.0, 0.0, 0.0, 0.0, 0.0, 0.0, 0.13997747011714787, 0.14340844060527766, 0.7711618477978203, -0.06487223270722865], "医药": [-0.17343173431734307, 0.00714285714285695, 0.904010519395135, 0.19440607734806628, -0.2405246407560999, 0.5453255963894262, -0.13695355191256825, -0.4579710144927537, -0.2093674192946445, 0.927919494500351, -0.622686283815852, 1.2695924764890285, -0.2951724137931034, -0.29941291585127205, 0.15659340659340654, -0.016666666666666732, 0.8422330097087378, 0.7013157894736842, -0.13100775193798445, -0.36193029490616624, -0.17857142857142858], "能源": [0.2577917371345736, 0.5686465433300877, 0.19051703013967158, -0.14832339024892, -0.3241044323011536, -0.2179185520361992, -0.026419466975666456, -0.25943508188938996, -0.08944815039417826, 1.8069767441860467, -0.5335369434981793, 0.676470588235294, 0.1448366394399067, -0.4068034144477004, 0.2783304498269896, 0.20268456375838928, 0.2687334908939246, 1.2959965468868029, -0.29624563720403746, -0.32803419945227436, -0.247093023255814], "地产": [-0.44753199268738575, -0.07081403044341496, 0.3918252290345314, -0.14588591620393748, -0.25268176400476755, -0.33927125506072886, -0.22087378640776692, 0.05468750000000005, 2.1598837209302326, 0.9607126541799907, -0.6222687122268712, 1.267189384800965, -0.06517690875232778, -0.23797468354430382, 0.5605397520058352, 0.052777137589306106, 0.4765761821366026, 0.6322685117032237, -0.16123188405797098, 0.05811580191212809, 0.0], "工业": [-0.2802197802197802, 0.7999999999999999, 0.6684045881126174, -0.3863354037267081, -0.2734611503531786, -0.20056100981767178, -0.41455160744500846, -0.5306122448979592, 0.49068322981366447, 3.408333333333333, -0.8284910965323337, 3.916201117318436, -0.10389610389610399, -0.5317365269461077, 0.03816793893129768, 0.026829268292683006, 0.6247030878859857, 3.098240469208211, -0.11287758346581875, -0.037004012483281244, 0.0], "金融": [0.1112402457247219, 0.014600671630894969, 0.6824003453734352, -0.2204250193581691, -0.15537243846904483, -0.3185817805383023, 0.01397689153932169, -0.36856467163907586, -0.12564692351926401, 1.5160445317616245, 0.0, 0.0, 0.0, 0.0, 0.0, 0.13639679066374902, 0.35931122448979597, 2.311852059400392, -0.0949113241837438, -0.28250656349316017, -0.10989010989010993], "纳指": [0.0, 0.0, 0.0, 0.0, 0.0, 0.0, 0.0, 0.0, 0.0, 0.0, 0.0, 0.0, 0.0, 0.0, 0.0, 0.1747474747474748, 0.1928020565552698, 0.16750902527075812, 0.12368583797155223, 0.23421926910299004, -0.02253267237494359], "标普": [0.0, 0.0, 0.0, 0.0, 0.0, 0.0, 0.0, 0.0, 0.0, 0.0, 0.0, 0.0, 0.0, 0.0, 0.0, 0.0, 0.15492957746478864, 0.08245614035087727, 0.2779578606158833, 0.1386759581881532, -0.042305334150827684], "恒指": [0.0, 0.0, 0.0, 0.0, 0.0, 0.0, 0.0, 0.0, 0.0, 0.0, 0.0, 0.0, 0.0, 0.0, 0.0, 0.0, 0.0, -0.0326424870466321, 0.08194965184788432, 0.2816205533596837, -0.02421214450422741], "国债": [-0.15682656826568261, -0.045884923525127415, 3.7247706422018347, -0.5191654536632703, -0.25374659400544963, -0.16171767930561903, 0.21494817239498085, -0.1698283649503161, 1.3935828877005345, 0.9636323561824996, -0.5995535714285715, 1.293388429752066, 0.7256721389483701, -0.5342597029228557, -0.07876312718786466, -0.015432579890880779, 0.13727042431918937, 0.5520022246941046, -0.12068499324019832, -0.13306658459013035, -0.06235011990407669], "黄金": [0.0, 0.0, 0.0, 0.0, 0.0, 0.0, 0.0, 0.0, 0.0, 0.0, 0.0, 0.0, 0.0, 0.0, 0.0, -0.0958174904942965, 0.0, -0.06540084388185664, 0.1873303167420815, 0.03279938977879493, -0.020626151012891364]}